start_time,end_time,carbon_intensity,water_intensity
2025-01-01 00:00:00+00:00,2025-01-01 00:15:00+00:00,357.8739733322047,1.4584095907382146
2025-01-01 00:15:00+00:00,2025-01-01 00:30:00+00:00,356.9146966464068,1.4467180173730487
2025-01-01 00:30:00+00:00,2025-01-01 00:45:00+00:00,356.50257591036876,1.44682176272772
2025-01-01 00:45:00+00:00,2025-01-01 01:00:00+00:00,355.5223107154718,1.4446029852982951
2025-01-01 01:00:00+00:00,2025-01-01 01:15:00+00:00,352.086885617273,1.4388462533602377
2025-01-01 01:15:00+00:00,2025-01-01 01:30:00+00:00,352.6360423567165,1.4366474803029892
2025-01-01 01:30:00+00:00,2025-01-01 01:45:00+00:00,353.56169529073577,1.4377973451354722
2025-01-01 01:45:00+00:00,2025-01-01 02:00:00+00:00,353.755818299381,1.4372176718137346
2025-01-01 02:00:00+00:00,2025-01-01 02:15:00+00:00,354.6659988210361,1.4415246708513463
2025-01-01 02:15:00+00:00,2025-01-01 02:30:00+00:00,355.8533973532406,1.437829071998979
2025-01-01 02:30:00+00:00,2025-01-01 02:45:00+00:00,357.2424925850903,1.4351617721953926
2025-01-01 02:45:00+00:00,2025-01-01 03:00:00+00:00,359.25602501958355,1.433259939440771
2025-01-01 03:00:00+00:00,2025-01-01 03:15:00+00:00,365.72462261657915,1.4422553995194736
2025-01-01 03:15:00+00:00,2025-01-01 03:30:00+00:00,370.1036795948086,1.4389449451872742
2025-01-01 03:30:00+00:00,2025-01-01 03:45:00+00:00,374.6842299912285,1.4393767485473459
2025-01-01 03:45:00+00:00,2025-01-01 04:00:00+00:00,380.38724403225086,1.4389587350553494
2025-01-01 04:00:00+00:00,2025-01-01 04:15:00+00:00,390.3146853705227,1.4454780983380433
2025-01-01 04:15:00+00:00,2025-01-01 04:30:00+00:00,394.6244424714805,1.4496812558878414
2025-01-01 04:30:00+00:00,2025-01-01 04:45:00+00:00,399.5561873054914,1.4530453466052755
2025-01-01 04:45:00+00:00,2025-01-01 05:00:00+00:00,403.03682040341056,1.4502933914827898
2025-01-01 05:00:00+00:00,2025-01-01 05:15:00+00:00,412.058634983096,1.430952036378956
2025-01-01 05:15:00+00:00,2025-01-01 05:30:00+00:00,415.5564773067099,1.4348151885884546
2025-01-01 05:30:00+00:00,2025-01-01 05:45:00+00:00,418.44215230950977,1.434738372462271
2025-01-01 05:45:00+00:00,2025-01-01 06:00:00+00:00,421.07464836171306,1.429476561657803
2025-01-01 06:00:00+00:00,2025-01-01 06:15:00+00:00,424.42031351682294,1.4208329905752717
2025-01-01 06:15:00+00:00,2025-01-01 06:30:00+00:00,423.4581207542724,1.4210525142849015
2025-01-01 06:30:00+00:00,2025-01-01 06:45:00+00:00,423.23242380066455,1.4156817349723045
2025-01-01 06:45:00+00:00,2025-01-01 07:00:00+00:00,424.6308476504621,1.4065713112264386
2025-01-01 07:00:00+00:00,2025-01-01 07:15:00+00:00,421.6348136521995,1.3984780176104301
2025-01-01 07:15:00+00:00,2025-01-01 07:30:00+00:00,420.64323495318604,1.3851847495489649
2025-01-01 07:30:00+00:00,2025-01-01 07:45:00+00:00,419.0976707642522,1.3699392510648671
2025-01-01 07:45:00+00:00,2025-01-01 08:00:00+00:00,418.13366250861026,1.3594872330096723
2025-01-01 08:00:00+00:00,2025-01-01 08:15:00+00:00,414.19714307774694,1.3664957266871463
2025-01-01 08:15:00+00:00,2025-01-01 08:30:00+00:00,413.24478787024447,1.347422603865968
2025-01-01 08:30:00+00:00,2025-01-01 08:45:00+00:00,410.6013092792436,1.3340162971018243
2025-01-01 08:45:00+00:00,2025-01-01 09:00:00+00:00,408.34127891670465,1.315824395207478
2025-01-01 09:00:00+00:00,2025-01-01 09:15:00+00:00,406.02907697925644,1.3148569649751134
2025-01-01 09:15:00+00:00,2025-01-01 09:30:00+00:00,404.3921077492617,1.2995992979686355
2025-01-01 09:30:00+00:00,2025-01-01 09:45:00+00:00,401.65664261617144,1.285169459280328
2025-01-01 09:45:00+00:00,2025-01-01 10:00:00+00:00,398.7990801857509,1.2772430506208843
2025-01-01 10:00:00+00:00,2025-01-01 10:15:00+00:00,395.8218481581868,1.2706430101988684
2025-01-01 10:15:00+00:00,2025-01-01 10:30:00+00:00,394.21654572612397,1.2581692270865157
2025-01-01 10:30:00+00:00,2025-01-01 10:45:00+00:00,393.1354368017378,1.258148464772753
2025-01-01 10:45:00+00:00,2025-01-01 11:00:00+00:00,392.07557214299936,1.254072765783549
2025-01-01 11:00:00+00:00,2025-01-01 11:15:00+00:00,389.68369178211697,1.2556165651576177
2025-01-01 11:15:00+00:00,2025-01-01 11:30:00+00:00,390.5236776347062,1.2524144416854
2025-01-01 11:30:00+00:00,2025-01-01 11:45:00+00:00,391.5477774220265,1.2637189586431348
2025-01-01 11:45:00+00:00,2025-01-01 12:00:00+00:00,394.25561057334863,1.263046454642967
2025-01-01 12:00:00+00:00,2025-01-01 12:15:00+00:00,396.4376378529662,1.2854795715243374
2025-01-01 12:15:00+00:00,2025-01-01 12:30:00+00:00,399.51094892505847,1.2948281404679658
2025-01-01 12:30:00+00:00,2025-01-01 12:45:00+00:00,401.7238713385428,1.3047991898092512
2025-01-01 12:45:00+00:00,2025-01-01 13:00:00+00:00,405.753374974556,1.3115103100085324
2025-01-01 13:00:00+00:00,2025-01-01 13:15:00+00:00,411.9844011844234,1.3152988973621687
2025-01-01 13:15:00+00:00,2025-01-01 13:30:00+00:00,415.7054313993715,1.3435077686762813
2025-01-01 13:30:00+00:00,2025-01-01 13:45:00+00:00,419.55532152727034,1.363358069266688
2025-01-01 13:45:00+00:00,2025-01-01 14:00:00+00:00,423.2819312571114,1.3804312004298822
2025-01-01 14:00:00+00:00,2025-01-01 14:15:00+00:00,430.9995433412386,1.377242082831094
2025-01-01 14:15:00+00:00,2025-01-01 14:30:00+00:00,436.16000458497274,1.4027339943273842
2025-01-01 14:30:00+00:00,2025-01-01 14:45:00+00:00,440.0113365953025,1.4300862787473083
2025-01-01 14:45:00+00:00,2025-01-01 15:00:00+00:00,443.14013767507595,1.4535506202249504
2025-01-01 15:00:00+00:00,2025-01-01 15:15:00+00:00,449.9497229852475,1.4355148080925666
2025-01-01 15:15:00+00:00,2025-01-01 15:30:00+00:00,451.6620708077446,1.4568328753163948
2025-01-01 15:30:00+00:00,2025-01-01 15:45:00+00:00,452.418581618738,1.4751911721185869
2025-01-01 15:45:00+00:00,2025-01-01 16:00:00+00:00,450.57196738388717,1.4852895449370511
2025-01-01 16:00:00+00:00,2025-01-01 16:15:00+00:00,451.29585269688187,1.456574765067084
2025-01-01 16:15:00+00:00,2025-01-01 16:30:00+00:00,448.5089720780955,1.4620464430905666
2025-01-01 16:30:00+00:00,2025-01-01 16:45:00+00:00,446.43946845447755,1.46123689084557
2025-01-01 16:45:00+00:00,2025-01-01 17:00:00+00:00,443.2878003357823,1.4630574539035919
2025-01-01 17:00:00+00:00,2025-01-01 17:15:00+00:00,441.96777955847955,1.4546170426355165
2025-01-01 17:15:00+00:00,2025-01-01 17:30:00+00:00,442.00215286896463,1.4470265597495218
2025-01-01 17:30:00+00:00,2025-01-01 17:45:00+00:00,441.5922875449816,1.4493713579926313
2025-01-01 17:45:00+00:00,2025-01-01 18:00:00+00:00,441.8803347130915,1.439030010948932
2025-01-01 18:00:00+00:00,2025-01-01 18:15:00+00:00,440.16422650191504,1.4494166614656685
2025-01-01 18:15:00+00:00,2025-01-01 18:30:00+00:00,442.5576240178303,1.4291958857225617
2025-01-01 18:30:00+00:00,2025-01-01 18:45:00+00:00,443.49496454434717,1.4282903348722638
2025-01-01 18:45:00+00:00,2025-01-01 19:00:00+00:00,442.68381234926846,1.4237178846168248
2025-01-01 19:00:00+00:00,2025-01-01 19:15:00+00:00,439.0930043148663,1.4433230319841852
2025-01-01 19:15:00+00:00,2025-01-01 19:30:00+00:00,439.3540854656207,1.4325181843135262
2025-01-01 19:30:00+00:00,2025-01-01 19:45:00+00:00,438.62451402156626,1.4255115082655818
2025-01-01 19:45:00+00:00,2025-01-01 20:00:00+00:00,436.92403718318843,1.4234788867979749
2025-01-01 20:00:00+00:00,2025-01-01 20:15:00+00:00,431.7151316237616,1.4429902844636124
2025-01-01 20:15:00+00:00,2025-01-01 20:30:00+00:00,431.2284856751857,1.428258208879476
2025-01-01 20:30:00+00:00,2025-01-01 20:45:00+00:00,428.9692858024062,1.4312127595278887
2025-01-01 20:45:00+00:00,2025-01-01 21:00:00+00:00,426.8843510079236,1.4263625766754429
2025-01-01 21:00:00+00:00,2025-01-01 21:15:00+00:00,420.8177478114911,1.4475325005407065
2025-01-01 21:15:00+00:00,2025-01-01 21:30:00+00:00,419.68155434140016,1.4361279079909288
2025-01-01 21:30:00+00:00,2025-01-01 21:45:00+00:00,418.4981308684351,1.4350889512353124
2025-01-01 21:45:00+00:00,2025-01-01 22:00:00+00:00,416.08445186167364,1.4336528520422969
2025-01-01 22:00:00+00:00,2025-01-01 22:15:00+00:00,407.75970753739426,1.440016521491352
2025-01-01 22:15:00+00:00,2025-01-01 22:30:00+00:00,405.60065641645815,1.4378423037154293
2025-01-01 22:30:00+00:00,2025-01-01 22:45:00+00:00,403.4887556287094,1.441018797261995
2025-01-01 22:45:00+00:00,2025-01-01 23:00:00+00:00,401.31101124616544,1.4363815703353469
2025-01-01 23:00:00+00:00,2025-01-01 23:15:00+00:00,393.2443865973592,1.4421957573438116
2025-01-01 23:15:00+00:00,2025-01-01 23:30:00+00:00,390.57166592917156,1.4376504144423088
2025-01-01 23:30:00+00:00,2025-01-01 23:45:00+00:00,389.05634398737266,1.4331730846388513
2025-01-01 23:45:00+00:00,2025-01-02 00:00:00+00:00,387.28199894926894,1.428822168115347
2025-01-02 00:00:00+00:00,2025-01-02 00:15:00+00:00,383.70275094697354,1.4384764074188128
2025-01-02 00:15:00+00:00,2025-01-02 00:30:00+00:00,383.2583089296288,1.4339621794784998
2025-01-02 00:30:00+00:00,2025-01-02 00:45:00+00:00,382.0326323346335,1.4315405733021462
2025-01-02 00:45:00+00:00,2025-01-02 01:00:00+00:00,380.451504326463,1.4294650849052237
2025-01-02 01:00:00+00:00,2025-01-02 01:15:00+00:00,378.10091286282517,1.4351527252620444
2025-01-02 01:15:00+00:00,2025-01-02 01:30:00+00:00,377.5602227560984,1.4328069919450461
2025-01-02 01:30:00+00:00,2025-01-02 01:45:00+00:00,378.0248030728489,1.43299545287777
2025-01-02 01:45:00+00:00,2025-01-02 02:00:00+00:00,378.1162993923254,1.4307567544388347
2025-01-02 02:00:00+00:00,2025-01-02 02:15:00+00:00,378.6592328972877,1.4349920514674661
2025-01-02 02:15:00+00:00,2025-01-02 02:30:00+00:00,379.55898127918664,1.4362989008390035
2025-01-02 02:30:00+00:00,2025-01-02 02:45:00+00:00,380.8574623867675,1.4385004349968706
2025-01-02 02:45:00+00:00,2025-01-02 03:00:00+00:00,384.2423749223103,1.4390556670709023
2025-01-02 03:00:00+00:00,2025-01-02 03:15:00+00:00,391.28925965174835,1.4389877747507998
2025-01-02 03:15:00+00:00,2025-01-02 03:30:00+00:00,394.7561373098475,1.4388750612455663
2025-01-02 03:30:00+00:00,2025-01-02 03:45:00+00:00,397.51159730516406,1.4433119944097097
2025-01-02 03:45:00+00:00,2025-01-02 04:00:00+00:00,403.7457972795891,1.4391126633454643
2025-01-02 04:00:00+00:00,2025-01-02 04:15:00+00:00,415.75634783441234,1.4506099952757967
2025-01-02 04:15:00+00:00,2025-01-02 04:30:00+00:00,421.2394241774744,1.4506886919533937
2025-01-02 04:30:00+00:00,2025-01-02 04:45:00+00:00,425.54567567475584,1.4552601846309783
2025-01-02 04:45:00+00:00,2025-01-02 05:00:00+00:00,430.8927533442356,1.459827540643058
2025-01-02 05:00:00+00:00,2025-01-02 05:15:00+00:00,437.903270618264,1.4605930254163153
2025-01-02 05:15:00+00:00,2025-01-02 05:30:00+00:00,441.5926030428984,1.4532772218842955
2025-01-02 05:30:00+00:00,2025-01-02 05:45:00+00:00,443.01899916630236,1.4480946518119036
2025-01-02 05:45:00+00:00,2025-01-02 06:00:00+00:00,443.6885837235008,1.445990293536948
2025-01-02 06:00:00+00:00,2025-01-02 06:15:00+00:00,446.4693487546089,1.441285144867149
2025-01-02 06:15:00+00:00,2025-01-02 06:30:00+00:00,446.99537310787497,1.446756934744739
2025-01-02 06:30:00+00:00,2025-01-02 06:45:00+00:00,446.39440142180894,1.433000003169248
2025-01-02 06:45:00+00:00,2025-01-02 07:00:00+00:00,445.2563848986949,1.4222832867447277
2025-01-02 07:00:00+00:00,2025-01-02 07:15:00+00:00,442.6208427460538,1.4219704178526842
2025-01-02 07:15:00+00:00,2025-01-02 07:30:00+00:00,441.9674298245623,1.4201596285653235
2025-01-02 07:30:00+00:00,2025-01-02 07:45:00+00:00,441.24833601087283,1.4158335414875658
2025-01-02 07:45:00+00:00,2025-01-02 08:00:00+00:00,439.352688578304,1.4017690989215519
2025-01-02 08:00:00+00:00,2025-01-02 08:15:00+00:00,437.89297862431704,1.3928728569183841
2025-01-02 08:15:00+00:00,2025-01-02 08:30:00+00:00,436.16002609076025,1.3846677450701554
2025-01-02 08:30:00+00:00,2025-01-02 08:45:00+00:00,433.69691233183283,1.3728427392197988
2025-01-02 08:45:00+00:00,2025-01-02 09:00:00+00:00,431.74820371256914,1.3628449021314974
2025-01-02 09:00:00+00:00,2025-01-02 09:15:00+00:00,429.0864228269622,1.3548953267055566
2025-01-02 09:15:00+00:00,2025-01-02 09:30:00+00:00,427.3592959268148,1.3442657752129274
2025-01-02 09:30:00+00:00,2025-01-02 09:45:00+00:00,426.3843772920284,1.3368086838291304
2025-01-02 09:45:00+00:00,2025-01-02 10:00:00+00:00,425.25745652488513,1.331313379229323
2025-01-02 10:00:00+00:00,2025-01-02 10:15:00+00:00,425.2324918964708,1.3216208627567436
2025-01-02 10:15:00+00:00,2025-01-02 10:30:00+00:00,424.0055843071794,1.3197061659424687
2025-01-02 10:30:00+00:00,2025-01-02 10:45:00+00:00,423.535821719275,1.3236982953574379
2025-01-02 10:45:00+00:00,2025-01-02 11:00:00+00:00,424.0262770531229,1.3233777915437441
2025-01-02 11:00:00+00:00,2025-01-02 11:15:00+00:00,422.2359606872562,1.3304149722940524
2025-01-02 11:15:00+00:00,2025-01-02 11:30:00+00:00,423.0799913051058,1.3334450992399474
2025-01-02 11:30:00+00:00,2025-01-02 11:45:00+00:00,425.19758615324673,1.337058949219774
2025-01-02 11:45:00+00:00,2025-01-02 12:00:00+00:00,427.9664089117147,1.3411794319815373
2025-01-02 12:00:00+00:00,2025-01-02 12:15:00+00:00,433.73017863950275,1.35519412273106
2025-01-02 12:15:00+00:00,2025-01-02 12:30:00+00:00,436.82847093843844,1.364940338041537
2025-01-02 12:30:00+00:00,2025-01-02 12:45:00+00:00,439.81582750943943,1.3819931152121496
2025-01-02 12:45:00+00:00,2025-01-02 13:00:00+00:00,442.9177381237808,1.3872602393964835
2025-01-02 13:00:00+00:00,2025-01-02 13:15:00+00:00,446.22672862100535,1.394807044635373
2025-01-02 13:15:00+00:00,2025-01-02 13:30:00+00:00,449.37052641800886,1.415709199528129
2025-01-02 13:30:00+00:00,2025-01-02 13:45:00+00:00,453.2705618107555,1.4245943113464816
2025-01-02 13:45:00+00:00,2025-01-02 14:00:00+00:00,455.82055019880954,1.4382500103365035
2025-01-02 14:00:00+00:00,2025-01-02 14:15:00+00:00,460.1497495311008,1.4449856123302587
2025-01-02 14:15:00+00:00,2025-01-02 14:30:00+00:00,464.48059167459434,1.4587208246747962
2025-01-02 14:30:00+00:00,2025-01-02 14:45:00+00:00,467.4181417576362,1.4760282407384302
2025-01-02 14:45:00+00:00,2025-01-02 15:00:00+00:00,469.54421376443315,1.4838600385926928
2025-01-02 15:00:00+00:00,2025-01-02 15:15:00+00:00,470.9620283982338,1.4893059091255223
2025-01-02 15:15:00+00:00,2025-01-02 15:30:00+00:00,470.8842574425708,1.4974275845809044
2025-01-02 15:30:00+00:00,2025-01-02 15:45:00+00:00,469.9775237690964,1.5058728074573338
2025-01-02 15:45:00+00:00,2025-01-02 16:00:00+00:00,467.1885570094102,1.5119995524028804
2025-01-02 16:00:00+00:00,2025-01-02 16:15:00+00:00,466.1334099726628,1.4910730187839747
2025-01-02 16:15:00+00:00,2025-01-02 16:30:00+00:00,463.0634876568849,1.481308030691496
2025-01-02 16:30:00+00:00,2025-01-02 16:45:00+00:00,460.75368312649584,1.478663229405499
2025-01-02 16:45:00+00:00,2025-01-02 17:00:00+00:00,458.3119859060539,1.47185104708626
2025-01-02 17:00:00+00:00,2025-01-02 17:15:00+00:00,458.18584588457935,1.4615479416465522
2025-01-02 17:15:00+00:00,2025-01-02 17:30:00+00:00,458.39461783446154,1.4585872276368017
2025-01-02 17:30:00+00:00,2025-01-02 17:45:00+00:00,457.69695239870885,1.4520262424618258
2025-01-02 17:45:00+00:00,2025-01-02 18:00:00+00:00,458.8684048794228,1.4476141273090948
2025-01-02 18:00:00+00:00,2025-01-02 18:15:00+00:00,455.32164476405984,1.4706455551489626
2025-01-02 18:15:00+00:00,2025-01-02 18:30:00+00:00,458.5452551442629,1.4580292446962986
2025-01-02 18:30:00+00:00,2025-01-02 18:45:00+00:00,459.4528743745984,1.4547012454805603
2025-01-02 18:45:00+00:00,2025-01-02 19:00:00+00:00,460.3566511577322,1.4545984057720693
2025-01-02 19:00:00+00:00,2025-01-02 19:15:00+00:00,456.05755488329714,1.4686942774645146
2025-01-02 19:15:00+00:00,2025-01-02 19:30:00+00:00,457.7232446896983,1.4658622038202893
2025-01-02 19:30:00+00:00,2025-01-02 19:45:00+00:00,458.2157890259689,1.4691880349557842
2025-01-02 19:45:00+00:00,2025-01-02 20:00:00+00:00,456.7505618962702,1.4672308461706258
2025-01-02 20:00:00+00:00,2025-01-02 20:15:00+00:00,449.07529692352165,1.489560166908581
2025-01-02 20:15:00+00:00,2025-01-02 20:30:00+00:00,449.32715566396905,1.4753621562046257
2025-01-02 20:30:00+00:00,2025-01-02 20:45:00+00:00,448.31722801473575,1.4770359849596524
2025-01-02 20:45:00+00:00,2025-01-02 21:00:00+00:00,447.0090085081268,1.4803620172179752
2025-01-02 21:00:00+00:00,2025-01-02 21:15:00+00:00,441.771835946276,1.5086605843968937
2025-01-02 21:15:00+00:00,2025-01-02 21:30:00+00:00,440.5626634019155,1.496616741422141
2025-01-02 21:30:00+00:00,2025-01-02 21:45:00+00:00,439.15371919743774,1.4912096103909864
2025-01-02 21:45:00+00:00,2025-01-02 22:00:00+00:00,436.02741457986986,1.4841016879731965
2025-01-02 22:00:00+00:00,2025-01-02 22:15:00+00:00,427.83898585947617,1.4984194332914227
2025-01-02 22:15:00+00:00,2025-01-02 22:30:00+00:00,426.5523134962784,1.4894107039760847
2025-01-02 22:30:00+00:00,2025-01-02 22:45:00+00:00,425.45423203595834,1.4862869527756104
2025-01-02 22:45:00+00:00,2025-01-02 23:00:00+00:00,423.3548739359124,1.481180159031516
2025-01-02 23:00:00+00:00,2025-01-02 23:15:00+00:00,420.81362723072664,1.5128215308922157
2025-01-02 23:15:00+00:00,2025-01-02 23:30:00+00:00,419.80340588041116,1.502333343108136
2025-01-02 23:30:00+00:00,2025-01-02 23:45:00+00:00,419.18205694411944,1.498186927797247
2025-01-02 23:45:00+00:00,2025-01-03 00:00:00+00:00,417.5238503175666,1.4957835835448552
2025-01-03 00:00:00+00:00,2025-01-03 00:15:00+00:00,413.4096229157394,1.4954917372903347
2025-01-03 00:15:00+00:00,2025-01-03 00:30:00+00:00,412.1602870825749,1.4948858691462124
2025-01-03 00:30:00+00:00,2025-01-03 00:45:00+00:00,411.61260702950165,1.50276826625752
2025-01-03 00:45:00+00:00,2025-01-03 01:00:00+00:00,410.9838412295667,1.4998119255882183
2025-01-03 01:00:00+00:00,2025-01-03 01:15:00+00:00,409.7567064189635,1.4998933835827215
2025-01-03 01:15:00+00:00,2025-01-03 01:30:00+00:00,409.08855344662175,1.4997648509508268
2025-01-03 01:30:00+00:00,2025-01-03 01:45:00+00:00,409.5522032898021,1.500829560510153
2025-01-03 01:45:00+00:00,2025-01-03 02:00:00+00:00,409.48704881754423,1.5049389869932104
2025-01-03 02:00:00+00:00,2025-01-03 02:15:00+00:00,411.03357158365975,1.4980938634264107
2025-01-03 02:15:00+00:00,2025-01-03 02:30:00+00:00,411.7126061801785,1.5017959760055695
2025-01-03 02:30:00+00:00,2025-01-03 02:45:00+00:00,412.42918404076124,1.5048112400525744
2025-01-03 02:45:00+00:00,2025-01-03 03:00:00+00:00,414.08617891753545,1.5042678267207017
2025-01-03 03:00:00+00:00,2025-01-03 03:15:00+00:00,420.62587537594635,1.5109136362726348
2025-01-03 03:15:00+00:00,2025-01-03 03:30:00+00:00,423.78323938098333,1.5128510337554368
2025-01-03 03:30:00+00:00,2025-01-03 03:45:00+00:00,426.89985208445194,1.513996515023476
2025-01-03 03:45:00+00:00,2025-01-03 04:00:00+00:00,432.57014147954965,1.5157776008677215
2025-01-03 04:00:00+00:00,2025-01-03 04:15:00+00:00,443.9527768269129,1.5252760695403194
2025-01-03 04:15:00+00:00,2025-01-03 04:30:00+00:00,449.1501371787202,1.5301674066304105
2025-01-03 04:30:00+00:00,2025-01-03 04:45:00+00:00,452.4796673462807,1.5257518260139202
2025-01-03 04:45:00+00:00,2025-01-03 05:00:00+00:00,457.0802654814195,1.5211342365932212
2025-01-03 05:00:00+00:00,2025-01-03 05:15:00+00:00,466.126897947288,1.5141407539133165
2025-01-03 05:15:00+00:00,2025-01-03 05:30:00+00:00,467.0030038852982,1.5068718446460836
2025-01-03 05:30:00+00:00,2025-01-03 05:45:00+00:00,467.6396639618943,1.5107511753806793
2025-01-03 05:45:00+00:00,2025-01-03 06:00:00+00:00,466.379688831899,1.5098949434596447
2025-01-03 06:00:00+00:00,2025-01-03 06:15:00+00:00,468.1456288469916,1.5061899630156856
2025-01-03 06:15:00+00:00,2025-01-03 06:30:00+00:00,465.3355078603105,1.503507033206534
2025-01-03 06:30:00+00:00,2025-01-03 06:45:00+00:00,463.04457634503694,1.4948812762417012
2025-01-03 06:45:00+00:00,2025-01-03 07:00:00+00:00,461.37402030486703,1.4856648783616566
2025-01-03 07:00:00+00:00,2025-01-03 07:15:00+00:00,457.6448927024202,1.4937600476796915
2025-01-03 07:15:00+00:00,2025-01-03 07:30:00+00:00,455.3763151645367,1.4812288642939757
2025-01-03 07:30:00+00:00,2025-01-03 07:45:00+00:00,453.3694566742215,1.4620355007527428
2025-01-03 07:45:00+00:00,2025-01-03 08:00:00+00:00,451.935423783968,1.4445260353333396
2025-01-03 08:00:00+00:00,2025-01-03 08:15:00+00:00,447.58200580573964,1.4488148539806256
2025-01-03 08:15:00+00:00,2025-01-03 08:30:00+00:00,446.32705161537746,1.4348711556793636
2025-01-03 08:30:00+00:00,2025-01-03 08:45:00+00:00,444.69302318193394,1.420393482912188
2025-01-03 08:45:00+00:00,2025-01-03 09:00:00+00:00,441.7021908257257,1.4130804594756927
2025-01-03 09:00:00+00:00,2025-01-03 09:15:00+00:00,437.1050702727822,1.4150301102358165
2025-01-03 09:15:00+00:00,2025-01-03 09:30:00+00:00,434.76277531074413,1.3983135214509648
2025-01-03 09:30:00+00:00,2025-01-03 09:45:00+00:00,431.78257639872305,1.3869668458726034
2025-01-03 09:45:00+00:00,2025-01-03 10:00:00+00:00,429.79277638768957,1.3716862379097774
2025-01-03 10:00:00+00:00,2025-01-03 10:15:00+00:00,427.5453698968991,1.3680146059947675
2025-01-03 10:15:00+00:00,2025-01-03 10:30:00+00:00,425.08763215634076,1.3556277569966826
2025-01-03 10:30:00+00:00,2025-01-03 10:45:00+00:00,423.19732152421113,1.3510123039185622
2025-01-03 10:45:00+00:00,2025-01-03 11:00:00+00:00,421.6524871249884,1.3483258517547791
2025-01-03 11:00:00+00:00,2025-01-03 11:15:00+00:00,419.7790604036751,1.3479011831650547
2025-01-03 11:15:00+00:00,2025-01-03 11:30:00+00:00,419.4435540005195,1.3331011293777844
2025-01-03 11:30:00+00:00,2025-01-03 11:45:00+00:00,418.90757573805575,1.3348159026652897
2025-01-03 11:45:00+00:00,2025-01-03 12:00:00+00:00,419.2341469674935,1.3306370170382977
2025-01-03 12:00:00+00:00,2025-01-03 12:15:00+00:00,419.3568676738854,1.3432276247893151
2025-01-03 12:15:00+00:00,2025-01-03 12:30:00+00:00,420.7674423419454,1.3465911940680118
2025-01-03 12:30:00+00:00,2025-01-03 12:45:00+00:00,422.21405080758683,1.3492308558711807
2025-01-03 12:45:00+00:00,2025-01-03 13:00:00+00:00,425.11874314847205,1.353813597422945
2025-01-03 13:00:00+00:00,2025-01-03 13:15:00+00:00,428.01378041425477,1.3609648702255406
2025-01-03 13:15:00+00:00,2025-01-03 13:30:00+00:00,429.9553820035048,1.3731096452240585
2025-01-03 13:30:00+00:00,2025-01-03 13:45:00+00:00,432.47213865367536,1.385185179859633
2025-01-03 13:45:00+00:00,2025-01-03 14:00:00+00:00,434.9569596832226,1.4028994830220685
2025-01-03 14:00:00+00:00,2025-01-03 14:15:00+00:00,439.14940576252474,1.4124759286495556
2025-01-03 14:15:00+00:00,2025-01-03 14:30:00+00:00,443.1758018337149,1.4334159910143818
2025-01-03 14:30:00+00:00,2025-01-03 14:45:00+00:00,445.9947269469916,1.4445887502958685
2025-01-03 14:45:00+00:00,2025-01-03 15:00:00+00:00,449.37537692983125,1.4512694645025834
2025-01-03 15:00:00+00:00,2025-01-03 15:15:00+00:00,453.3441727020932,1.4488505423393483
2025-01-03 15:15:00+00:00,2025-01-03 15:30:00+00:00,453.70583716761024,1.4600965808021757
2025-01-03 15:30:00+00:00,2025-01-03 15:45:00+00:00,452.7308633190862,1.4587482857562906
2025-01-03 15:45:00+00:00,2025-01-03 16:00:00+00:00,451.1561122619578,1.4569170651405026
2025-01-03 16:00:00+00:00,2025-01-03 16:15:00+00:00,450.3914371717394,1.4507281709992381
2025-01-03 16:15:00+00:00,2025-01-03 16:30:00+00:00,448.35639806047396,1.4537319125718133
2025-01-03 16:30:00+00:00,2025-01-03 16:45:00+00:00,445.6724768413682,1.4512234558947283
2025-01-03 16:45:00+00:00,2025-01-03 17:00:00+00:00,442.85102902385086,1.4448420238967923
2025-01-03 17:00:00+00:00,2025-01-03 17:15:00+00:00,439.9672671506577,1.4445534120823138
2025-01-03 17:15:00+00:00,2025-01-03 17:30:00+00:00,439.3934785266073,1.4316172085976833
2025-01-03 17:30:00+00:00,2025-01-03 17:45:00+00:00,437.465273458799,1.4272949364754957
2025-01-03 17:45:00+00:00,2025-01-03 18:00:00+00:00,437.09160896445235,1.4174141105050326
2025-01-03 18:00:00+00:00,2025-01-03 18:15:00+00:00,434.2889731428371,1.4249602668125394
2025-01-03 18:15:00+00:00,2025-01-03 18:30:00+00:00,434.3277917603116,1.4045260813554257
2025-01-03 18:30:00+00:00,2025-01-03 18:45:00+00:00,433.9899881404953,1.3925210227658218
2025-01-03 18:45:00+00:00,2025-01-03 19:00:00+00:00,430.7275229258556,1.3814294861505683
2025-01-03 19:00:00+00:00,2025-01-03 19:15:00+00:00,422.8487711231264,1.3956235377028248
2025-01-03 19:15:00+00:00,2025-01-03 19:30:00+00:00,421.3991325833974,1.3851797642446657
2025-01-03 19:30:00+00:00,2025-01-03 19:45:00+00:00,417.53603192254417,1.3765198848539444
2025-01-03 19:45:00+00:00,2025-01-03 20:00:00+00:00,413.74653939456755,1.3717167024779944
2025-01-03 20:00:00+00:00,2025-01-03 20:15:00+00:00,407.4022241002836,1.3906842842063853
2025-01-03 20:15:00+00:00,2025-01-03 20:30:00+00:00,402.7417545236391,1.3759985570401498
2025-01-03 20:30:00+00:00,2025-01-03 20:45:00+00:00,398.3523604551289,1.3738248856471242
2025-01-03 20:45:00+00:00,2025-01-03 21:00:00+00:00,394.1260225663879,1.3698627915993684
2025-01-03 21:00:00+00:00,2025-01-03 21:15:00+00:00,384.47541941632244,1.3754122543924974
2025-01-03 21:15:00+00:00,2025-01-03 21:30:00+00:00,381.38018376457177,1.3627823700019421
2025-01-03 21:30:00+00:00,2025-01-03 21:45:00+00:00,378.0872817852732,1.3615283662498792
2025-01-03 21:45:00+00:00,2025-01-03 22:00:00+00:00,373.5151171155597,1.3581350529742933
2025-01-03 22:00:00+00:00,2025-01-03 22:15:00+00:00,363.04864708408365,1.3601468179518874
2025-01-03 22:15:00+00:00,2025-01-03 22:30:00+00:00,358.0489536618287,1.3464450495054257
2025-01-03 22:30:00+00:00,2025-01-03 22:45:00+00:00,354.52173194320244,1.3385835516364941
2025-01-03 22:45:00+00:00,2025-01-03 23:00:00+00:00,349.94952653103,1.3370424693839775
2025-01-03 23:00:00+00:00,2025-01-03 23:15:00+00:00,343.71969187968114,1.3417738096862666
2025-01-03 23:15:00+00:00,2025-01-03 23:30:00+00:00,340.77721856777293,1.3271156847347068
2025-01-03 23:30:00+00:00,2025-01-03 23:45:00+00:00,338.9178842611989,1.3249917698098146
2025-01-03 23:45:00+00:00,2025-01-04 00:00:00+00:00,336.37810295831383,1.3261033125699027
2025-01-04 00:00:00+00:00,2025-01-04 00:15:00+00:00,331.84080411398526,1.3272715695392316
2025-01-04 00:15:00+00:00,2025-01-04 00:30:00+00:00,330.1895908060749,1.318365692241166
2025-01-04 00:30:00+00:00,2025-01-04 00:45:00+00:00,329.9207573189548,1.3168178410519025
2025-01-04 00:45:00+00:00,2025-01-04 01:00:00+00:00,328.82288397476736,1.312442982683133
2025-01-04 01:00:00+00:00,2025-01-04 01:15:00+00:00,327.7917387101048,1.3138022158441862
2025-01-04 01:15:00+00:00,2025-01-04 01:30:00+00:00,327.99975563484753,1.3133364310673505
2025-01-04 01:30:00+00:00,2025-01-04 01:45:00+00:00,327.4581137457702,1.3148674203850406
2025-01-04 01:45:00+00:00,2025-01-04 02:00:00+00:00,327.6919548206566,1.3156426757168591
2025-01-04 02:00:00+00:00,2025-01-04 02:15:00+00:00,327.6649907508138,1.3144313140107728
2025-01-04 02:15:00+00:00,2025-01-04 02:30:00+00:00,328.3014220350726,1.3118176818605984
2025-01-04 02:30:00+00:00,2025-01-04 02:45:00+00:00,329.56473128203555,1.311276185971638
2025-01-04 02:45:00+00:00,2025-01-04 03:00:00+00:00,332.4167453540027,1.3111134606208619
2025-01-04 03:00:00+00:00,2025-01-04 03:15:00+00:00,337.42390311740087,1.3113806689953245
2025-01-04 03:15:00+00:00,2025-01-04 03:30:00+00:00,341.1612744446157,1.3140062858658406
2025-01-04 03:30:00+00:00,2025-01-04 03:45:00+00:00,344.31438509730594,1.3235459297907224
2025-01-04 03:45:00+00:00,2025-01-04 04:00:00+00:00,349.28524609097593,1.3290306511621421
2025-01-04 04:00:00+00:00,2025-01-04 04:15:00+00:00,358.61713816140997,1.3276942171802188
2025-01-04 04:15:00+00:00,2025-01-04 04:30:00+00:00,364.631744151691,1.3299514828988162
2025-01-04 04:30:00+00:00,2025-01-04 04:45:00+00:00,369.39968315429917,1.3311608838998235
2025-01-04 04:45:00+00:00,2025-01-04 05:00:00+00:00,375.0324450928365,1.3303283108599533
2025-01-04 05:00:00+00:00,2025-01-04 05:15:00+00:00,386.015778724788,1.3397600553461477
2025-01-04 05:15:00+00:00,2025-01-04 05:30:00+00:00,390.2783948017784,1.3410384530300037
2025-01-04 05:30:00+00:00,2025-01-04 05:45:00+00:00,393.9959060312765,1.339597408162189
2025-01-04 05:45:00+00:00,2025-01-04 06:00:00+00:00,396.7931926149197,1.3489705923266622
2025-01-04 06:00:00+00:00,2025-01-04 06:15:00+00:00,400.1852330077764,1.3355741162707782
2025-01-04 06:15:00+00:00,2025-01-04 06:30:00+00:00,399.4309479510878,1.3444719596672785
2025-01-04 06:30:00+00:00,2025-01-04 06:45:00+00:00,399.2413294909657,1.3441369289086036
2025-01-04 06:45:00+00:00,2025-01-04 07:00:00+00:00,398.8602524537688,1.3379851005138679
2025-01-04 07:00:00+00:00,2025-01-04 07:15:00+00:00,397.1905491850956,1.3216396050995134
2025-01-04 07:15:00+00:00,2025-01-04 07:30:00+00:00,395.5667024307446,1.3095194154223013
2025-01-04 07:30:00+00:00,2025-01-04 07:45:00+00:00,394.545578305531,1.3018835997229432
2025-01-04 07:45:00+00:00,2025-01-04 08:00:00+00:00,392.4667180703235,1.2798643021934286
2025-01-04 08:00:00+00:00,2025-01-04 08:15:00+00:00,387.12762196091927,1.2782699728905251
2025-01-04 08:15:00+00:00,2025-01-04 08:30:00+00:00,384.50235233395284,1.260210420196508
2025-01-04 08:30:00+00:00,2025-01-04 08:45:00+00:00,381.7509486602748,1.2459929407090031
2025-01-04 08:45:00+00:00,2025-01-04 09:00:00+00:00,379.29136419984235,1.23837722746515
2025-01-04 09:00:00+00:00,2025-01-04 09:15:00+00:00,375.0799039248993,1.2370071538512322
2025-01-04 09:15:00+00:00,2025-01-04 09:30:00+00:00,372.4516962238367,1.222670247564527
2025-01-04 09:30:00+00:00,2025-01-04 09:45:00+00:00,370.0626250788086,1.2186419968156081
2025-01-04 09:45:00+00:00,2025-01-04 10:00:00+00:00,367.5405158623268,1.2115471894135772
2025-01-04 10:00:00+00:00,2025-01-04 10:15:00+00:00,364.3431642755412,1.2053425688373556
2025-01-04 10:15:00+00:00,2025-01-04 10:30:00+00:00,362.7197054335406,1.194436649664262
2025-01-04 10:30:00+00:00,2025-01-04 10:45:00+00:00,360.79427904475284,1.1877791821135733
2025-01-04 10:45:00+00:00,2025-01-04 11:00:00+00:00,359.8881780873913,1.1895295668550805
2025-01-04 11:00:00+00:00,2025-01-04 11:15:00+00:00,358.5355407093797,1.1944558861067773
2025-01-04 11:15:00+00:00,2025-01-04 11:30:00+00:00,359.91397883283685,1.1919067851671161
2025-01-04 11:30:00+00:00,2025-01-04 11:45:00+00:00,361.03648196889264,1.1911989425504381
2025-01-04 11:45:00+00:00,2025-01-04 12:00:00+00:00,362.18082567007417,1.1932847162051006
2025-01-04 12:00:00+00:00,2025-01-04 12:15:00+00:00,362.1800702598845,1.2065261416408453
2025-01-04 12:15:00+00:00,2025-01-04 12:30:00+00:00,364.55906975115516,1.2132668356775729
2025-01-04 12:30:00+00:00,2025-01-04 12:45:00+00:00,366.78713097419245,1.2228297703356235
2025-01-04 12:45:00+00:00,2025-01-04 13:00:00+00:00,371.20207818320773,1.226098695064922
2025-01-04 13:00:00+00:00,2025-01-04 13:15:00+00:00,375.8739781323596,1.2325339385172012
2025-01-04 13:15:00+00:00,2025-01-04 13:30:00+00:00,379.2634493975977,1.2500146453592675
2025-01-04 13:30:00+00:00,2025-01-04 13:45:00+00:00,382.33742976918995,1.2758603331025495
2025-01-04 13:45:00+00:00,2025-01-04 14:00:00+00:00,387.7669657454652,1.2959558041188801
2025-01-04 14:00:00+00:00,2025-01-04 14:15:00+00:00,393.9215717626074,1.3010555121695442
2025-01-04 14:15:00+00:00,2025-01-04 14:30:00+00:00,398.4045456369874,1.3214859237050416
2025-01-04 14:30:00+00:00,2025-01-04 14:45:00+00:00,402.424711737549,1.3444856253384263
2025-01-04 14:45:00+00:00,2025-01-04 15:00:00+00:00,405.58819834194304,1.3614661868679314
2025-01-04 15:00:00+00:00,2025-01-04 15:15:00+00:00,410.9929216694138,1.3496478114296098
2025-01-04 15:15:00+00:00,2025-01-04 15:30:00+00:00,412.38550587514266,1.3703002311372603
2025-01-04 15:30:00+00:00,2025-01-04 15:45:00+00:00,413.1612740960787,1.3838595594105791
2025-01-04 15:45:00+00:00,2025-01-04 16:00:00+00:00,411.72711477026553,1.3928094157889779
2025-01-04 16:00:00+00:00,2025-01-04 16:15:00+00:00,413.5917470196201,1.3810902436490875
2025-01-04 16:15:00+00:00,2025-01-04 16:30:00+00:00,412.7105021962061,1.3891395132789246
2025-01-04 16:30:00+00:00,2025-01-04 16:45:00+00:00,411.55559507773097,1.3884742384963842
2025-01-04 16:45:00+00:00,2025-01-04 17:00:00+00:00,410.5906260950178,1.3898316665800432
2025-01-04 17:00:00+00:00,2025-01-04 17:15:00+00:00,409.3937768697881,1.3781839352155267
2025-01-04 17:15:00+00:00,2025-01-04 17:30:00+00:00,409.5023994214781,1.3702251537714076
2025-01-04 17:30:00+00:00,2025-01-04 17:45:00+00:00,408.5915927604907,1.368136392758098
2025-01-04 17:45:00+00:00,2025-01-04 18:00:00+00:00,408.2003588174594,1.3596251804281105
2025-01-04 18:00:00+00:00,2025-01-04 18:15:00+00:00,405.82653824721757,1.3710555661248907
2025-01-04 18:15:00+00:00,2025-01-04 18:30:00+00:00,407.2749037564717,1.3638557093839536
2025-01-04 18:30:00+00:00,2025-01-04 18:45:00+00:00,408.2235506483921,1.3602797182081712
2025-01-04 18:45:00+00:00,2025-01-04 19:00:00+00:00,408.66492412106584,1.3573247273775695
2025-01-04 19:00:00+00:00,2025-01-04 19:15:00+00:00,405.90767435504705,1.3841236502327474
2025-01-04 19:15:00+00:00,2025-01-04 19:30:00+00:00,408.19906189335416,1.3784373135818886
2025-01-04 19:30:00+00:00,2025-01-04 19:45:00+00:00,407.9335927126227,1.378053895525939
2025-01-04 19:45:00+00:00,2025-01-04 20:00:00+00:00,407.50808667565485,1.3728132391907657
2025-01-04 20:00:00+00:00,2025-01-04 20:15:00+00:00,404.8238933720518,1.4112878683338912
2025-01-04 20:15:00+00:00,2025-01-04 20:30:00+00:00,405.67990649470386,1.4014946656653773
2025-01-04 20:30:00+00:00,2025-01-04 20:45:00+00:00,406.06534630865434,1.4013476105533629
2025-01-04 20:45:00+00:00,2025-01-04 21:00:00+00:00,406.32532292286555,1.3958563457521427
2025-01-04 21:00:00+00:00,2025-01-04 21:15:00+00:00,403.26682604112597,1.4102164984290657
2025-01-04 21:15:00+00:00,2025-01-04 21:30:00+00:00,401.18077840392414,1.4027943311066076
2025-01-04 21:30:00+00:00,2025-01-04 21:45:00+00:00,400.0623532814057,1.4037470444812417
2025-01-04 21:45:00+00:00,2025-01-04 22:00:00+00:00,397.2267728339157,1.4075692970546498
2025-01-04 22:00:00+00:00,2025-01-04 22:15:00+00:00,389.4427695681152,1.4113129836306681
2025-01-04 22:15:00+00:00,2025-01-04 22:30:00+00:00,387.301051308792,1.4043734403397001
2025-01-04 22:30:00+00:00,2025-01-04 22:45:00+00:00,385.17544470740575,1.3969548989436806
2025-01-04 22:45:00+00:00,2025-01-04 23:00:00+00:00,382.62689149115005,1.3995998374210736
2025-01-04 23:00:00+00:00,2025-01-04 23:15:00+00:00,377.5280988215758,1.406731923080174
2025-01-04 23:15:00+00:00,2025-01-04 23:30:00+00:00,374.3538702148234,1.4093581170776277
2025-01-04 23:30:00+00:00,2025-01-04 23:45:00+00:00,374.09316782829103,1.4112072104347204
2025-01-04 23:45:00+00:00,2025-01-05 00:00:00+00:00,372.5316773933101,1.411169676598247
2025-01-05 00:00:00+00:00,2025-01-05 00:15:00+00:00,370.4877834890313,1.4136111061556103
2025-01-05 00:15:00+00:00,2025-01-05 00:30:00+00:00,370.41712509489423,1.4096894806142084
2025-01-05 00:30:00+00:00,2025-01-05 00:45:00+00:00,370.51561622597086,1.4163247966803092
2025-01-05 00:45:00+00:00,2025-01-05 01:00:00+00:00,371.10671383698775,1.4210897301521814
2025-01-05 01:00:00+00:00,2025-01-05 01:15:00+00:00,371.12402424624094,1.4222662385987208
2025-01-05 01:15:00+00:00,2025-01-05 01:30:00+00:00,371.4759268322847,1.427529006478971
2025-01-05 01:30:00+00:00,2025-01-05 01:45:00+00:00,373.4535989903591,1.4334763134841704
2025-01-05 01:45:00+00:00,2025-01-05 02:00:00+00:00,375.05557802127663,1.436621651666326
2025-01-05 02:00:00+00:00,2025-01-05 02:15:00+00:00,376.60730215790267,1.4472983419473853
2025-01-05 02:15:00+00:00,2025-01-05 02:30:00+00:00,378.36593028894634,1.4403182612422827
2025-01-05 02:30:00+00:00,2025-01-05 02:45:00+00:00,379.9213501088817,1.4407960169321057
2025-01-05 02:45:00+00:00,2025-01-05 03:00:00+00:00,382.26478506759514,1.441313947500375
2025-01-05 03:00:00+00:00,2025-01-05 03:15:00+00:00,388.1396084885722,1.4457882676042373
2025-01-05 03:15:00+00:00,2025-01-05 03:30:00+00:00,393.02139516342055,1.4512339280376996
2025-01-05 03:30:00+00:00,2025-01-05 03:45:00+00:00,397.5571679002306,1.457441751331533
2025-01-05 03:45:00+00:00,2025-01-05 04:00:00+00:00,402.5050815495217,1.459450844562672
2025-01-05 04:00:00+00:00,2025-01-05 04:15:00+00:00,410.6810024644319,1.470182463135688
2025-01-05 04:15:00+00:00,2025-01-05 04:30:00+00:00,413.5088672068271,1.4708110073494214
2025-01-05 04:30:00+00:00,2025-01-05 04:45:00+00:00,417.54410340755686,1.4735352115530513
2025-01-05 04:45:00+00:00,2025-01-05 05:00:00+00:00,422.03273237180815,1.4709385008346407
2025-01-05 05:00:00+00:00,2025-01-05 05:15:00+00:00,431.85026398315716,1.4692270992393182
2025-01-05 05:15:00+00:00,2025-01-05 05:30:00+00:00,434.5541178431238,1.4756051535544352
2025-01-05 05:30:00+00:00,2025-01-05 05:45:00+00:00,437.8871570438609,1.4708495299372815
2025-01-05 05:45:00+00:00,2025-01-05 06:00:00+00:00,438.17906098032506,1.4702878601540126
2025-01-05 06:00:00+00:00,2025-01-05 06:15:00+00:00,441.9973264298408,1.4629968447690442
2025-01-05 06:15:00+00:00,2025-01-05 06:30:00+00:00,441.48882954782846,1.4594845886061596
2025-01-05 06:30:00+00:00,2025-01-05 06:45:00+00:00,439.8593350655447,1.4470022253715642
2025-01-05 06:45:00+00:00,2025-01-05 07:00:00+00:00,438.39523988355575,1.440140362114104
2025-01-05 07:00:00+00:00,2025-01-05 07:15:00+00:00,435.20999848828535,1.437350658237192
2025-01-05 07:15:00+00:00,2025-01-05 07:30:00+00:00,433.0962854502221,1.420111160465545
2025-01-05 07:30:00+00:00,2025-01-05 07:45:00+00:00,430.73765379435724,1.4125408004988944
2025-01-05 07:45:00+00:00,2025-01-05 08:00:00+00:00,429.9426949070555,1.3954715473263055
2025-01-05 08:00:00+00:00,2025-01-05 08:15:00+00:00,425.001529719406,1.3906728959112205
2025-01-05 08:15:00+00:00,2025-01-05 08:30:00+00:00,424.0080611935622,1.3833876543593577
2025-01-05 08:30:00+00:00,2025-01-05 08:45:00+00:00,422.71917805835403,1.3720085745017805
2025-01-05 08:45:00+00:00,2025-01-05 09:00:00+00:00,420.8130183558314,1.3565143820349275
2025-01-05 09:00:00+00:00,2025-01-05 09:15:00+00:00,417.4432777341536,1.3486137612321403
2025-01-05 09:15:00+00:00,2025-01-05 09:30:00+00:00,415.89467575409105,1.3420796115532727
2025-01-05 09:30:00+00:00,2025-01-05 09:45:00+00:00,414.00743397667884,1.3289046985552415
2025-01-05 09:45:00+00:00,2025-01-05 10:00:00+00:00,411.85185736892225,1.317923145959191
2025-01-05 10:00:00+00:00,2025-01-05 10:15:00+00:00,408.32543860161024,1.3155845242178645
2025-01-05 10:15:00+00:00,2025-01-05 10:30:00+00:00,406.51430338022504,1.3077548566835153
2025-01-05 10:30:00+00:00,2025-01-05 10:45:00+00:00,405.5756986085352,1.3062994827150807
2025-01-05 10:45:00+00:00,2025-01-05 11:00:00+00:00,405.31844415401144,1.300551430786783
2025-01-05 11:00:00+00:00,2025-01-05 11:15:00+00:00,403.4726865887841,1.3068491767411945
2025-01-05 11:15:00+00:00,2025-01-05 11:30:00+00:00,404.4998169648072,1.3089975252182504
2025-01-05 11:30:00+00:00,2025-01-05 11:45:00+00:00,404.9624389058399,1.3155744418888224
2025-01-05 11:45:00+00:00,2025-01-05 12:00:00+00:00,406.8134372255963,1.3117291157312096
2025-01-05 12:00:00+00:00,2025-01-05 12:15:00+00:00,407.82104186247204,1.3236590544210347
2025-01-05 12:15:00+00:00,2025-01-05 12:30:00+00:00,409.61861915798414,1.3300447576334864
2025-01-05 12:30:00+00:00,2025-01-05 12:45:00+00:00,412.06830839212284,1.340102405822615
2025-01-05 12:45:00+00:00,2025-01-05 13:00:00+00:00,414.729823106516,1.3528144529415256
2025-01-05 13:00:00+00:00,2025-01-05 13:15:00+00:00,418.02200485004414,1.361608575369563
2025-01-05 13:15:00+00:00,2025-01-05 13:30:00+00:00,421.0520526342099,1.3763321370936
2025-01-05 13:30:00+00:00,2025-01-05 13:45:00+00:00,424.67976533993584,1.3960324553090904
2025-01-05 13:45:00+00:00,2025-01-05 14:00:00+00:00,428.12738600619497,1.4109989675795933
2025-01-05 14:00:00+00:00,2025-01-05 14:15:00+00:00,432.92894974904397,1.4177068944022033
2025-01-05 14:15:00+00:00,2025-01-05 14:30:00+00:00,435.6612228973207,1.4386179537503392
2025-01-05 14:30:00+00:00,2025-01-05 14:45:00+00:00,438.39618020329294,1.4474021447949696
2025-01-05 14:45:00+00:00,2025-01-05 15:00:00+00:00,440.2080520298595,1.460395326899261
2025-01-05 15:00:00+00:00,2025-01-05 15:15:00+00:00,444.26136181915604,1.459364579111578
2025-01-05 15:15:00+00:00,2025-01-05 15:30:00+00:00,444.57980932351114,1.4687951677462567
2025-01-05 15:30:00+00:00,2025-01-05 15:45:00+00:00,443.9684253354353,1.4732922943051987
2025-01-05 15:45:00+00:00,2025-01-05 16:00:00+00:00,441.4014924158879,1.478366543447502
2025-01-05 16:00:00+00:00,2025-01-05 16:15:00+00:00,441.8190789460076,1.4694808693512142
2025-01-05 16:15:00+00:00,2025-01-05 16:30:00+00:00,439.6775175229666,1.4728231135785965
2025-01-05 16:30:00+00:00,2025-01-05 16:45:00+00:00,436.78177944014783,1.47629784675911
2025-01-05 16:45:00+00:00,2025-01-05 17:00:00+00:00,434.3176866208617,1.4775312741036273
2025-01-05 17:00:00+00:00,2025-01-05 17:15:00+00:00,432.2949726425961,1.4629018400060754
2025-01-05 17:15:00+00:00,2025-01-05 17:30:00+00:00,432.9005006069823,1.4600037531048298
2025-01-05 17:30:00+00:00,2025-01-05 17:45:00+00:00,432.1576172865694,1.4555414670724423
2025-01-05 17:45:00+00:00,2025-01-05 18:00:00+00:00,433.58989990353956,1.4448683649425744
2025-01-05 18:00:00+00:00,2025-01-05 18:15:00+00:00,429.1633216797244,1.4451202913734784
2025-01-05 18:15:00+00:00,2025-01-05 18:30:00+00:00,430.0166023261551,1.4348963551927767
2025-01-05 18:30:00+00:00,2025-01-05 18:45:00+00:00,430.3786883471165,1.431965691922755
2025-01-05 18:45:00+00:00,2025-01-05 19:00:00+00:00,430.3234185781209,1.4294357535413302
2025-01-05 19:00:00+00:00,2025-01-05 19:15:00+00:00,424.92188505287817,1.4424226237126472
2025-01-05 19:15:00+00:00,2025-01-05 19:30:00+00:00,424.3344559830115,1.4322188343450473
2025-01-05 19:30:00+00:00,2025-01-05 19:45:00+00:00,422.01641913742696,1.4369518879072989
2025-01-05 19:45:00+00:00,2025-01-05 20:00:00+00:00,418.75883279320954,1.4366061531524181
2025-01-05 20:00:00+00:00,2025-01-05 20:15:00+00:00,413.5105709490623,1.452140452890413
2025-01-05 20:15:00+00:00,2025-01-05 20:30:00+00:00,412.72828379441614,1.4455106879123059
2025-01-05 20:30:00+00:00,2025-01-05 20:45:00+00:00,411.289711699406,1.4501034637538366
2025-01-05 20:45:00+00:00,2025-01-05 21:00:00+00:00,409.2201101198897,1.4503478766850069
2025-01-05 21:00:00+00:00,2025-01-05 21:15:00+00:00,405.50907134585276,1.476593935713306
2025-01-05 21:15:00+00:00,2025-01-05 21:30:00+00:00,404.1223140560775,1.4714531328151403
2025-01-05 21:30:00+00:00,2025-01-05 21:45:00+00:00,402.34298756441325,1.4771714990981373
2025-01-05 21:45:00+00:00,2025-01-05 22:00:00+00:00,400.6123585243191,1.4758962579699937
2025-01-05 22:00:00+00:00,2025-01-05 22:15:00+00:00,395.9475508871485,1.5103851340696204
2025-01-05 22:15:00+00:00,2025-01-05 22:30:00+00:00,393.77001225151434,1.4974121351952159
2025-01-05 22:30:00+00:00,2025-01-05 22:45:00+00:00,392.3143322184976,1.4947063677800876
2025-01-05 22:45:00+00:00,2025-01-05 23:00:00+00:00,390.46511403188765,1.4952859613501326
2025-01-05 23:00:00+00:00,2025-01-05 23:15:00+00:00,383.65507272180315,1.5111609293238712
2025-01-05 23:15:00+00:00,2025-01-05 23:30:00+00:00,382.72406614534634,1.5093632608807932
2025-01-05 23:30:00+00:00,2025-01-05 23:45:00+00:00,382.184010450936,1.5130565003781602
2025-01-05 23:45:00+00:00,2025-01-06 00:00:00+00:00,381.4850368048291,1.5160411041055748
2025-01-06 00:00:00+00:00,2025-01-06 00:15:00+00:00,375.21015362831906,1.5165501307327387
2025-01-06 00:15:00+00:00,2025-01-06 00:30:00+00:00,373.97627394802424,1.5105724412956398
2025-01-06 00:30:00+00:00,2025-01-06 00:45:00+00:00,373.17253899028077,1.5145622631809474
2025-01-06 00:45:00+00:00,2025-01-06 01:00:00+00:00,372.35051389293864,1.508992660342692
2025-01-06 01:00:00+00:00,2025-01-06 01:15:00+00:00,366.39289595845946,1.5044165062473926
2025-01-06 01:15:00+00:00,2025-01-06 01:30:00+00:00,365.69119911458984,1.4956733862650533
2025-01-06 01:30:00+00:00,2025-01-06 01:45:00+00:00,365.895334087798,1.4974472243731898
2025-01-06 01:45:00+00:00,2025-01-06 02:00:00+00:00,365.75961984755725,1.4987431186550164
2025-01-06 02:00:00+00:00,2025-01-06 02:15:00+00:00,362.40664107956405,1.4934143146898304
2025-01-06 02:15:00+00:00,2025-01-06 02:30:00+00:00,362.81896006632246,1.4953807969063548
2025-01-06 02:30:00+00:00,2025-01-06 02:45:00+00:00,363.18217711419067,1.4951717912763902
2025-01-06 02:45:00+00:00,2025-01-06 03:00:00+00:00,363.2571069710348,1.4921036163658532
2025-01-06 03:00:00+00:00,2025-01-06 03:15:00+00:00,364.1566438047512,1.4912771666292115
2025-01-06 03:15:00+00:00,2025-01-06 03:30:00+00:00,364.4956841471075,1.4950352370940148
2025-01-06 03:30:00+00:00,2025-01-06 03:45:00+00:00,365.2074104176882,1.4934587366198449
2025-01-06 03:45:00+00:00,2025-01-06 04:00:00+00:00,365.8457282303079,1.4902728867594668
2025-01-06 04:00:00+00:00,2025-01-06 04:15:00+00:00,369.2332759691443,1.5019025417729683
2025-01-06 04:15:00+00:00,2025-01-06 04:30:00+00:00,370.5959982576851,1.5025378737485338
2025-01-06 04:30:00+00:00,2025-01-06 04:45:00+00:00,371.45801575392767,1.5037463993932587
2025-01-06 04:45:00+00:00,2025-01-06 05:00:00+00:00,372.0395776172869,1.5031152610274578
2025-01-06 05:00:00+00:00,2025-01-06 05:15:00+00:00,377.9531575312473,1.5157359171498785
2025-01-06 05:15:00+00:00,2025-01-06 05:30:00+00:00,379.5741513494814,1.5162438120846753
2025-01-06 05:30:00+00:00,2025-01-06 05:45:00+00:00,380.77236899505533,1.5137206291018377
2025-01-06 05:45:00+00:00,2025-01-06 06:00:00+00:00,380.98150450930456,1.507324516386065
2025-01-06 06:00:00+00:00,2025-01-06 06:15:00+00:00,387.1572170002551,1.509587480457365
2025-01-06 06:15:00+00:00,2025-01-06 06:30:00+00:00,387.2574970576387,1.5006815087311713
2025-01-06 06:30:00+00:00,2025-01-06 06:45:00+00:00,384.974384012455,1.4952659264032546
2025-01-06 06:45:00+00:00,2025-01-06 07:00:00+00:00,381.7891268489842,1.4842094799779586
2025-01-06 07:00:00+00:00,2025-01-06 07:15:00+00:00,379.230346665957,1.4635572747621148
2025-01-06 07:15:00+00:00,2025-01-06 07:30:00+00:00,376.41124688040236,1.4435829109750644
2025-01-06 07:30:00+00:00,2025-01-06 07:45:00+00:00,373.01580740746914,1.4217631530131254
2025-01-06 07:45:00+00:00,2025-01-06 08:00:00+00:00,370.12203739209804,1.4076089544351136
2025-01-06 08:00:00+00:00,2025-01-06 08:15:00+00:00,365.0244887488339,1.3945747166693843
2025-01-06 08:15:00+00:00,2025-01-06 08:30:00+00:00,361.31132381981394,1.3713574417454384
2025-01-06 08:30:00+00:00,2025-01-06 08:45:00+00:00,358.1978083260667,1.3605565749461728
2025-01-06 08:45:00+00:00,2025-01-06 09:00:00+00:00,354.6587861658843,1.3458916964850158
2025-01-06 09:00:00+00:00,2025-01-06 09:15:00+00:00,349.2252466684009,1.3325735688827225
2025-01-06 09:15:00+00:00,2025-01-06 09:30:00+00:00,347.0322455147531,1.3221790331378114
2025-01-06 09:30:00+00:00,2025-01-06 09:45:00+00:00,343.939992193299,1.3133687799759413
2025-01-06 09:45:00+00:00,2025-01-06 10:00:00+00:00,340.4616305112865,1.3022282565292818
2025-01-06 10:00:00+00:00,2025-01-06 10:15:00+00:00,336.47615357471153,1.2972816923819779
2025-01-06 10:15:00+00:00,2025-01-06 10:30:00+00:00,334.73635146174064,1.2907380077675807
2025-01-06 10:30:00+00:00,2025-01-06 10:45:00+00:00,333.1241043861288,1.2796488304826705
2025-01-06 10:45:00+00:00,2025-01-06 11:00:00+00:00,331.6923831747897,1.2739683428317894
2025-01-06 11:00:00+00:00,2025-01-06 11:15:00+00:00,328.97625517365884,1.2711385804717898
2025-01-06 11:15:00+00:00,2025-01-06 11:30:00+00:00,328.6295094654002,1.2685840447383525
2025-01-06 11:30:00+00:00,2025-01-06 11:45:00+00:00,328.8050437178574,1.2735463844715533
2025-01-06 11:45:00+00:00,2025-01-06 12:00:00+00:00,329.1446043220918,1.2721512090193305
2025-01-06 12:00:00+00:00,2025-01-06 12:15:00+00:00,329.1425673446256,1.2880748151057528
2025-01-06 12:15:00+00:00,2025-01-06 12:30:00+00:00,330.7202970874589,1.2980279749309775
2025-01-06 12:30:00+00:00,2025-01-06 12:45:00+00:00,332.232857498322,1.3116243896961586
2025-01-06 12:45:00+00:00,2025-01-06 13:00:00+00:00,334.78049435582284,1.3239563697813541
2025-01-06 13:00:00+00:00,2025-01-06 13:15:00+00:00,338.12647270482927,1.336258084280322
2025-01-06 13:15:00+00:00,2025-01-06 13:30:00+00:00,341.34349366820965,1.353210071823496
2025-01-06 13:30:00+00:00,2025-01-06 13:45:00+00:00,345.3809355757047,1.3791251606778234
2025-01-06 13:45:00+00:00,2025-01-06 14:00:00+00:00,350.15037041172207,1.3904638524422572
2025-01-06 14:00:00+00:00,2025-01-06 14:15:00+00:00,359.6809623450185,1.4118085351486338
2025-01-06 14:15:00+00:00,2025-01-06 14:30:00+00:00,364.9505055691036,1.4366220223606885
2025-01-06 14:30:00+00:00,2025-01-06 14:45:00+00:00,368.9388188574851,1.451656721827965
2025-01-06 14:45:00+00:00,2025-01-06 15:00:00+00:00,371.30251549732424,1.4643168509560012
2025-01-06 15:00:00+00:00,2025-01-06 15:15:00+00:00,380.46047602727754,1.478417002497391
2025-01-06 15:15:00+00:00,2025-01-06 15:30:00+00:00,381.75090889897365,1.4852236332566522
2025-01-06 15:30:00+00:00,2025-01-06 15:45:00+00:00,379.95517338213875,1.496013576812628
2025-01-06 15:45:00+00:00,2025-01-06 16:00:00+00:00,377.5928137218107,1.5016120227732104
2025-01-06 16:00:00+00:00,2025-01-06 16:15:00+00:00,379.34072411701266,1.4624549971564633
2025-01-06 16:15:00+00:00,2025-01-06 16:30:00+00:00,375.37728203751016,1.45364176571661
2025-01-06 16:30:00+00:00,2025-01-06 16:45:00+00:00,371.8988073871517,1.4582571907340538
2025-01-06 16:45:00+00:00,2025-01-06 17:00:00+00:00,368.7049843503418,1.4549651866909235
2025-01-06 17:00:00+00:00,2025-01-06 17:15:00+00:00,367.56203435293287,1.4514489200789393
2025-01-06 17:15:00+00:00,2025-01-06 17:30:00+00:00,368.883473891056,1.436203527169441
2025-01-06 17:30:00+00:00,2025-01-06 17:45:00+00:00,368.19825635571993,1.4255191494786983
2025-01-06 17:45:00+00:00,2025-01-06 18:00:00+00:00,367.58086817916774,1.4148819309213274
2025-01-06 18:00:00+00:00,2025-01-06 18:15:00+00:00,359.6576164874993,1.4307140534596472
2025-01-06 18:15:00+00:00,2025-01-06 18:30:00+00:00,361.68493005399034,1.4066209727084062
2025-01-06 18:30:00+00:00,2025-01-06 18:45:00+00:00,362.20258979605103,1.39649191800923
2025-01-06 18:45:00+00:00,2025-01-06 19:00:00+00:00,362.3881861005062,1.3931144915662703
2025-01-06 19:00:00+00:00,2025-01-06 19:15:00+00:00,354.2681664456395,1.400668535538693
2025-01-06 19:15:00+00:00,2025-01-06 19:30:00+00:00,354.8365795365829,1.3913697608992663
2025-01-06 19:30:00+00:00,2025-01-06 19:45:00+00:00,353.76791946391165,1.385550752094885
2025-01-06 19:45:00+00:00,2025-01-06 20:00:00+00:00,351.51417651104566,1.3817772423435377
2025-01-06 20:00:00+00:00,2025-01-06 20:15:00+00:00,345.29336435694046,1.4009998971226656
2025-01-06 20:15:00+00:00,2025-01-06 20:30:00+00:00,342.71914537055574,1.3967844818025474
2025-01-06 20:30:00+00:00,2025-01-06 20:45:00+00:00,340.8238996875385,1.3972829879097508
2025-01-06 20:45:00+00:00,2025-01-06 21:00:00+00:00,339.6161411282925,1.3988684740121557
2025-01-06 21:00:00+00:00,2025-01-06 21:15:00+00:00,336.30582566524146,1.4196768773579294
2025-01-06 21:15:00+00:00,2025-01-06 21:30:00+00:00,335.62303588708227,1.4007952001386168
2025-01-06 21:30:00+00:00,2025-01-06 21:45:00+00:00,333.8251993075318,1.4012126471727793
2025-01-06 21:45:00+00:00,2025-01-06 22:00:00+00:00,332.00366045379167,1.4000880708435977
2025-01-06 22:00:00+00:00,2025-01-06 22:15:00+00:00,326.7108502741657,1.421071765488441
2025-01-06 22:15:00+00:00,2025-01-06 22:30:00+00:00,325.0739966233558,1.413459077268231
2025-01-06 22:30:00+00:00,2025-01-06 22:45:00+00:00,323.61285395424727,1.4097241359599626
2025-01-06 22:45:00+00:00,2025-01-06 23:00:00+00:00,320.6147421769928,1.4044302354745801
2025-01-06 23:00:00+00:00,2025-01-06 23:15:00+00:00,314.2947389154797,1.416924136057576
2025-01-06 23:15:00+00:00,2025-01-06 23:30:00+00:00,312.754142512193,1.4086291926279262
2025-01-06 23:30:00+00:00,2025-01-06 23:45:00+00:00,312.3120445875635,1.4071828110071274
2025-01-06 23:45:00+00:00,2025-01-07 00:00:00+00:00,311.30457129395717,1.4011332294753613
2025-01-07 00:00:00+00:00,2025-01-07 00:15:00+00:00,307.98749071908645,1.4024887188850732
2025-01-07 00:15:00+00:00,2025-01-07 00:30:00+00:00,307.8006989596652,1.4020286173702523
2025-01-07 00:30:00+00:00,2025-01-07 00:45:00+00:00,307.46182741639944,1.399665325887497
2025-01-07 00:45:00+00:00,2025-01-07 01:00:00+00:00,305.50246163669607,1.3963804252645622
2025-01-07 01:00:00+00:00,2025-01-07 01:15:00+00:00,300.80915954829067,1.3906446468662905
2025-01-07 01:15:00+00:00,2025-01-07 01:30:00+00:00,298.9064602955096,1.384319731612836
2025-01-07 01:30:00+00:00,2025-01-07 01:45:00+00:00,298.4918960078117,1.383507383577839
2025-01-07 01:45:00+00:00,2025-01-07 02:00:00+00:00,297.84162375073464,1.382307051736297
2025-01-07 02:00:00+00:00,2025-01-07 02:15:00+00:00,295.54208897859263,1.3778520555630698
2025-01-07 02:15:00+00:00,2025-01-07 02:30:00+00:00,294.9109428905644,1.3743683335847636
2025-01-07 02:30:00+00:00,2025-01-07 02:45:00+00:00,294.7463434158603,1.3761780056218014
2025-01-07 02:45:00+00:00,2025-01-07 03:00:00+00:00,294.5017790403228,1.3704218903526373
2025-01-07 03:00:00+00:00,2025-01-07 03:15:00+00:00,294.0701416099845,1.3765545436713762
2025-01-07 03:15:00+00:00,2025-01-07 03:30:00+00:00,293.97903528434233,1.3780113325785335
2025-01-07 03:30:00+00:00,2025-01-07 03:45:00+00:00,294.3188230999112,1.3802311277842028
2025-01-07 03:45:00+00:00,2025-01-07 04:00:00+00:00,295.0307578966896,1.3786302440600944
2025-01-07 04:00:00+00:00,2025-01-07 04:15:00+00:00,296.6136311040737,1.377763187067507
2025-01-07 04:15:00+00:00,2025-01-07 04:30:00+00:00,297.4905362413769,1.3764023440183073
2025-01-07 04:30:00+00:00,2025-01-07 04:45:00+00:00,298.6189364487912,1.3769560163911916
2025-01-07 04:45:00+00:00,2025-01-07 05:00:00+00:00,299.7155154417857,1.380303344482544
2025-01-07 05:00:00+00:00,2025-01-07 05:15:00+00:00,303.53426122976765,1.3836963160988953
2025-01-07 05:15:00+00:00,2025-01-07 05:30:00+00:00,304.0493551840139,1.3813174680972842
2025-01-07 05:30:00+00:00,2025-01-07 05:45:00+00:00,304.08175550118233,1.3794835835879842
2025-01-07 05:45:00+00:00,2025-01-07 06:00:00+00:00,304.0131417730829,1.3776265797393497
2025-01-07 06:00:00+00:00,2025-01-07 06:15:00+00:00,307.0679556511152,1.381426711621784
2025-01-07 06:15:00+00:00,2025-01-07 06:30:00+00:00,307.74588337115995,1.3766240557376197
2025-01-07 06:30:00+00:00,2025-01-07 06:45:00+00:00,307.56715073391297,1.3706367987220092
2025-01-07 06:45:00+00:00,2025-01-07 07:00:00+00:00,306.23955646205644,1.359267332255899
2025-01-07 07:00:00+00:00,2025-01-07 07:15:00+00:00,308.34553014283495,1.350335099355797
2025-01-07 07:15:00+00:00,2025-01-07 07:30:00+00:00,307.23387842977326,1.3394119925402304
2025-01-07 07:30:00+00:00,2025-01-07 07:45:00+00:00,306.55088570796073,1.3252482506758114
2025-01-07 07:45:00+00:00,2025-01-07 08:00:00+00:00,304.5437386439131,1.3084153792855344
2025-01-07 08:00:00+00:00,2025-01-07 08:15:00+00:00,303.002193916607,1.2921613654914001
2025-01-07 08:15:00+00:00,2025-01-07 08:30:00+00:00,301.6887541256454,1.2798891533089327
2025-01-07 08:30:00+00:00,2025-01-07 08:45:00+00:00,299.90666437788394,1.2717491292354308
2025-01-07 08:45:00+00:00,2025-01-07 09:00:00+00:00,297.7465552242366,1.2595499011407196
2025-01-07 09:00:00+00:00,2025-01-07 09:15:00+00:00,296.6998496733009,1.24202406596506
2025-01-07 09:15:00+00:00,2025-01-07 09:30:00+00:00,295.7912954750884,1.2331832505629923
2025-01-07 09:30:00+00:00,2025-01-07 09:45:00+00:00,295.4717797867199,1.2330636197338172
2025-01-07 09:45:00+00:00,2025-01-07 10:00:00+00:00,294.33879450979634,1.2166457688272136
2025-01-07 10:00:00+00:00,2025-01-07 10:15:00+00:00,292.9933315168539,1.2102791372266195
2025-01-07 10:15:00+00:00,2025-01-07 10:30:00+00:00,292.3846874135888,1.2112731497772784
2025-01-07 10:30:00+00:00,2025-01-07 10:45:00+00:00,292.3313956644901,1.2066483421556078
2025-01-07 10:45:00+00:00,2025-01-07 11:00:00+00:00,292.8577861995967,1.204095147299747
2025-01-07 11:00:00+00:00,2025-01-07 11:15:00+00:00,292.6983270597701,1.209028812221275
2025-01-07 11:15:00+00:00,2025-01-07 11:30:00+00:00,294.1384955961376,1.207634212965733
2025-01-07 11:30:00+00:00,2025-01-07 11:45:00+00:00,295.9997361237105,1.2160223300461017
2025-01-07 11:45:00+00:00,2025-01-07 12:00:00+00:00,298.5080134110339,1.2172902187226466
2025-01-07 12:00:00+00:00,2025-01-07 12:15:00+00:00,300.18384528798856,1.2292652965410655
2025-01-07 12:15:00+00:00,2025-01-07 12:30:00+00:00,302.6437787479576,1.2359895032311476
2025-01-07 12:30:00+00:00,2025-01-07 12:45:00+00:00,305.5217068149276,1.2505737229938252
2025-01-07 12:45:00+00:00,2025-01-07 13:00:00+00:00,309.4628033465218,1.2615445050507044
2025-01-07 13:00:00+00:00,2025-01-07 13:15:00+00:00,313.7947799011302,1.2829111207521289
2025-01-07 13:15:00+00:00,2025-01-07 13:30:00+00:00,318.74872222231346,1.3025439341762797
2025-01-07 13:30:00+00:00,2025-01-07 13:45:00+00:00,324.9476663023222,1.3191826179770785
2025-01-07 13:45:00+00:00,2025-01-07 14:00:00+00:00,331.66018401532045,1.3372706578136615
2025-01-07 14:00:00+00:00,2025-01-07 14:15:00+00:00,341.2982945734053,1.3613792024076103
2025-01-07 14:15:00+00:00,2025-01-07 14:30:00+00:00,348.1229216832948,1.3842986271540747
2025-01-07 14:30:00+00:00,2025-01-07 14:45:00+00:00,353.58594778346253,1.4059754322101286
2025-01-07 14:45:00+00:00,2025-01-07 15:00:00+00:00,358.41369360903536,1.4338861586273466
2025-01-07 15:00:00+00:00,2025-01-07 15:15:00+00:00,367.3049442376769,1.436838480380157
2025-01-07 15:15:00+00:00,2025-01-07 15:30:00+00:00,369.46237600161487,1.4526134440635674
2025-01-07 15:30:00+00:00,2025-01-07 15:45:00+00:00,371.39458084887843,1.4682878970656834
2025-01-07 15:45:00+00:00,2025-01-07 16:00:00+00:00,371.6887816450842,1.4831865591733708
2025-01-07 16:00:00+00:00,2025-01-07 16:15:00+00:00,378.6242011238495,1.4644984756100898
2025-01-07 16:15:00+00:00,2025-01-07 16:30:00+00:00,377.1843769493922,1.4769957363300033
2025-01-07 16:30:00+00:00,2025-01-07 16:45:00+00:00,375.1626513160303,1.4705927639776146
2025-01-07 16:45:00+00:00,2025-01-07 17:00:00+00:00,373.8005640624875,1.461490597374418
2025-01-07 17:00:00+00:00,2025-01-07 17:15:00+00:00,371.75770829580284,1.438271398314187
2025-01-07 17:15:00+00:00,2025-01-07 17:30:00+00:00,372.4157228262418,1.4281119456673237
2025-01-07 17:30:00+00:00,2025-01-07 17:45:00+00:00,372.47401565305347,1.4178528505846966
2025-01-07 17:45:00+00:00,2025-01-07 18:00:00+00:00,374.01376631149185,1.4193527318312416
2025-01-07 18:00:00+00:00,2025-01-07 18:15:00+00:00,369.9450734406159,1.4172824242971436
2025-01-07 18:15:00+00:00,2025-01-07 18:30:00+00:00,372.54106775101076,1.407876094992528
2025-01-07 18:30:00+00:00,2025-01-07 18:45:00+00:00,374.81331507553045,1.4046236112510262
2025-01-07 18:45:00+00:00,2025-01-07 19:00:00+00:00,376.85797135114524,1.412868700724633
2025-01-07 19:00:00+00:00,2025-01-07 19:15:00+00:00,372.1110044953809,1.4322560020254493
2025-01-07 19:15:00+00:00,2025-01-07 19:30:00+00:00,374.2728571739638,1.427223184390127
2025-01-07 19:30:00+00:00,2025-01-07 19:45:00+00:00,376.37726968249694,1.4330381083334165
2025-01-07 19:45:00+00:00,2025-01-07 20:00:00+00:00,376.36280359590705,1.428047015061798
2025-01-07 20:00:00+00:00,2025-01-07 20:15:00+00:00,374.5382884230626,1.4370341222147531
2025-01-07 20:15:00+00:00,2025-01-07 20:30:00+00:00,375.35651056010624,1.4341369356367006
2025-01-07 20:30:00+00:00,2025-01-07 20:45:00+00:00,375.41578334901294,1.4356854306812656
2025-01-07 20:45:00+00:00,2025-01-07 21:00:00+00:00,375.5390164674918,1.437794376613313
2025-01-07 21:00:00+00:00,2025-01-07 21:15:00+00:00,372.12497303796806,1.4483035986878223
2025-01-07 21:15:00+00:00,2025-01-07 21:30:00+00:00,373.30827382640797,1.4363187396436816
2025-01-07 21:30:00+00:00,2025-01-07 21:45:00+00:00,371.66885074460737,1.4365251543325646
2025-01-07 21:45:00+00:00,2025-01-07 22:00:00+00:00,371.0290597333417,1.437078340662474
2025-01-07 22:00:00+00:00,2025-01-07 22:15:00+00:00,365.7216982793858,1.4478964956854234
2025-01-07 22:15:00+00:00,2025-01-07 22:30:00+00:00,365.6741652001044,1.4467033137476588
2025-01-07 22:30:00+00:00,2025-01-07 22:45:00+00:00,365.83638305468764,1.448648342326596
2025-01-07 22:45:00+00:00,2025-01-07 23:00:00+00:00,364.40125839993976,1.4480396706835164
2025-01-07 23:00:00+00:00,2025-01-07 23:15:00+00:00,363.83919088592137,1.4653205895647579
2025-01-07 23:15:00+00:00,2025-01-07 23:30:00+00:00,363.1961220417542,1.4609876153370305
2025-01-07 23:30:00+00:00,2025-01-07 23:45:00+00:00,362.49434450303715,1.4615113561175666
2025-01-07 23:45:00+00:00,2025-01-08 00:00:00+00:00,361.83976490605374,1.4598075957709806
